claim_a_title,claim_a_text,claim_a_stance,claim_b_title,claim_b_text,claim_b_stance,cosine_similarity,relationship,confidence,explanation,evidence_weight
relationship between breast cancer and metformin: a bibliometric review.,"Claim: Metformin has a potential role in managing the relationship between diabetes and breast cancer.
Stance: Support
Reason: The abstract suggests that metformin can help reduce cancer incidence and death risk, and may be beneficial for breast cancer treatment.",support,metformin-mediated glycaemic regulation as a potential strategy for breast cancer prevention.,"Claim: Metformin can prevent breast cancer by inducing anti-cancer molecular mechanisms.
Stance: Support
Reason: The abstract reports various pre-clinical studies that show metformin's efficacy in inhibiting breast cancer cell growth and inducing apoptosis and ferroptosis.",support,0.8269,AGREEMENT,0.9,"Both claims support the potential anti-cancer effects of metformin on breast cancer, although Claim B is more specific about the mechanisms involved.",3.0
metformin-mediated glycaemic regulation as a potential strategy for breast cancer prevention.,"Claim: Metformin can prevent breast cancer by inducing anti-cancer molecular mechanisms.
Stance: Support
Reason: The abstract reports various pre-clinical studies that show metformin's efficacy in inhibiting breast cancer cell growth and inducing apoptosis and ferroptosis.",support,metformin impairs breast cancer growth through the inhibition of prmt6.,"Claim: Metformin impairs breast cancer growth through inhibition of Prmt6.
Stance: Support
Reason: The study directly shows that metformin inhibits Prmt6 activity and leads to reduced tumor growth.",support,0.8107,AGREEMENT,0.9,"Both claims support the anti-cancer effects of metformin in breast cancer, with Claim B providing a specific mechanism for this effect.",3.0
metformin-mediated glycaemic regulation as a potential strategy for breast cancer prevention.,"Claim: Metformin can prevent breast cancer by inducing anti-cancer molecular mechanisms.
Stance: Support
Reason: The abstract reports various pre-clinical studies that show metformin's efficacy in inhibiting breast cancer cell growth and inducing apoptosis and ferroptosis.",support,mtorc1 inhibition by metformin synergizes with dendrosomal nano-curcumin to induce apoptosis via modulation of pro- and anti-apoptotic proteins in breast cancer cells.,"Claim: Metformin combined with dendrosomal nano-curcumin induces apoptosis in breast cancer cells through modulation of pro- and anti-apoptotic proteins.
Stance: Support
Reason: The study shows increased anticancer toxicity, activation of caspases, and reduced expression of anti-apoptotic proteins.",support,0.7542,AGREEMENT,0.9,"Both claims support the idea that metformin has anti-cancer properties in breast cancer cells, although Claim B is more specific about the combination of metformin with dendrosomal nano-curcumin.",5.25
metformin enhances response to chemotherapy combined with immunotherapy in a triple negative breast cancer in vivo model.,"Claim: Metformin enhances response to chemotherapy combined with immunotherapy in a triple negative breast cancer model.
Stance: Support
Reason: The study found that adding metformin to the treatment regimen led to improved tumor-growth inhibition compared to chemotherapy and immunotherapy alone.",support,relationship between breast cancer and metformin: a bibliometric review.,"Claim: Metformin has a potential role in managing the relationship between diabetes and breast cancer.
Stance: Support
Reason: The abstract suggests that metformin can help reduce cancer incidence and death risk, and may be beneficial for breast cancer treatment.",support,0.737,AGREEMENT,0.9,"Both claims support the beneficial effects of metformin in breast cancer treatment, albeit with different emphases on chemotherapy and immunotherapy combination.",3.0
relationship between breast cancer and metformin: a bibliometric review.,"Claim: Metformin has a potential role in managing the relationship between diabetes and breast cancer.
Stance: Support
Reason: The abstract suggests that metformin can help reduce cancer incidence and death risk, and may be beneficial for breast cancer treatment.",support,impact of type 2 diabetes on malignancies of the female reproductive system.,"Here are the extracted points:

1. Main claim: Type 2 diabetes mellitus (T2DM) contributes significantly to the development and progression of cancers of the female reproductive tissues.
Stance: Support
Reason: The abstract provides evidence from epidemiological studies and mechanistic insights to support this claim.

2. Main claim: Metformin has shown robust benefits in reducing T2DM-related complications and potential in the antineoplastic setting.
Stance: Neutral
Reason: This statement is a neutral observation of an existing research finding, not a conclusion or claim made by the authors.

3. Main claim: Diabetic women often face underdiagnosis due to suboptimal screening practices, highlighting the need for tailored cancer prevention and treatment strategies.
Stance: Support
Reason: The abstract presents evidence from epidemiological studies and mechanistic insights to support this claim.

4. Main claim: T2DM increases the risk and worsens outcomes in breast cancer via enhanced expression, age-rage interactions, and estrogen-independent ERα activation.
Stance: Support
Reason: The abstract provides evidence from mechanistic insights to support this claim.

5. Main claim: Early screening and individualized management are urgently needed for diabetic women due to their increased risk of developing cancers of the female reproductive system.
Stance: Support
Reason: The abstract presents a conclusion based on the previous claims, advocating for integrated clinical protocols that include early screening and individualized management in diabetic women.",support,0.7333,AGREEMENT,0.9,"Both claims A and B support the role of metformin in managing diabetes-related complications, including cancer risk and outcomes.",4.0
metformin-mediated glycaemic regulation as a potential strategy for breast cancer prevention.,"Claim: Metformin can prevent breast cancer by inducing anti-cancer molecular mechanisms.
Stance: Support
Reason: The abstract reports various pre-clinical studies that show metformin's efficacy in inhibiting breast cancer cell growth and inducing apoptosis and ferroptosis.",support,metformin enhances alpelisib sensitivity in her2+ breast cancer by suppressing cancer stemness and oncogenic signaling.,"Claim: Metformin enhances the sensitivity of alpelisib in HER2+ breast cancer.
Stance: Support
Reason: Combination treatment with metformin showed strong synergism and inhibited oncogenic signaling pathways.

Claim: Alpelisib monotherapy has antitumor efficacy against HER2+ breast cancer cells.
Stance: Neutral (neutral because it is a statement of fact, not an opinion or argument)
Reason: Results show that alpelisib inhibited proliferation, colony formation, and cancer stem cell features in both cell lines.

Claim: Metformin can counteract Alpelisib-induced hyperglycemia.
Stance: Support
Reason: Metformin may mitigate the metabolic adverse event of hyperglycemia associated with alpelisib treatment.",support,0.7103,AGREEMENT,0.9,"Claim A and Claim B support each other as they both demonstrate the efficacy of metformin in breast cancer prevention and treatment, with additional benefits when combined with alpelisib.",2.0
therapeutic switching of metformin using heteroleptic cu(ii) and zn(ii) complexes: a combined experimental and computational study.,"Claim: Metformin can be repurposed as a cancer treatment when combined with specific Cu(II) and Zn(II) complexes.
Stance: Support
Reason: The study shows that these metal complexes exhibit anti-cancer properties, including inducing apoptosis in breast cancer cells.",support,metformin-mediated glycaemic regulation as a potential strategy for breast cancer prevention.,"Claim: Metformin can prevent breast cancer by inducing anti-cancer molecular mechanisms.
Stance: Support
Reason: The abstract reports various pre-clinical studies that show metformin's efficacy in inhibiting breast cancer cell growth and inducing apoptosis and ferroptosis.",support,0.7074,AGREEMENT,0.9,"Both claims support the potential anti-cancer effects of metformin, with Claim A focusing on specific metal complexes and Claim B highlighting pre-clinical studies showing its efficacy in inhibiting breast cancer cell growth.",2.0
therapeutic switching of metformin using heteroleptic cu(ii) and zn(ii) complexes: a combined experimental and computational study.,"Claim: Metformin can be repurposed as a cancer treatment when combined with specific Cu(II) and Zn(II) complexes.
Stance: Support
Reason: The study shows that these metal complexes exhibit anti-cancer properties, including inducing apoptosis in breast cancer cells.",support,mtorc1 inhibition by metformin synergizes with dendrosomal nano-curcumin to induce apoptosis via modulation of pro- and anti-apoptotic proteins in breast cancer cells.,"Claim: Metformin combined with dendrosomal nano-curcumin induces apoptosis in breast cancer cells through modulation of pro- and anti-apoptotic proteins.
Stance: Support
Reason: The study shows increased anticancer toxicity, activation of caspases, and reduced expression of anti-apoptotic proteins.",support,0.7034,AGREEMENT,1.0,"Both claims propose metformin as a cancer treatment, with the first study suggesting Cu(II) and Zn(II) complexes enhance its effects, while the second study combines metformin with nano-curcumin for increased anticancer toxicity.",5.25
metformin as an immunometabolic modulator in breast cancer: integrating nk and nkt cell responses.,"Here is the extracted information:

1. Main claim: Metformin has anticancer potential as an immunometabolic modulator.
2. Stance: Support
3. Reason: The abstract presents accumulating evidence of metformin's effects on suppressing tumor growth and enhancing innate immune responses.",nan,relationship between breast cancer and metformin: a bibliometric review.,"Claim: Metformin has a potential role in managing the relationship between diabetes and breast cancer.
Stance: Support
Reason: The abstract suggests that metformin can help reduce cancer incidence and death risk, and may be beneficial for breast cancer treatment.",support,0.7033,AGREEMENT,0.9,"Both claims support the potential benefits of metformin in managing or treating breast cancer, although Claim A focuses on immunometabolic modulation and Claim B emphasizes its relationship with diabetes.",4.0
metformin reduces senescence induced by obesity-related inflammation in luminal breast cancer through estrogen receptor beta modulation.,"Here are the extracted information in the requested format:

Claim: Metformin reduces senescence induced by obesity-related inflammation in luminal breast cancer through estrogen receptor beta modulation.
Stance: Support
Reason: Experimental results show metformin's beneficial effects on reducing senescence markers and mitigating obesity-induced tumor progression.",support,relationship between breast cancer and metformin: a bibliometric review.,"Claim: Metformin has a potential role in managing the relationship between diabetes and breast cancer.
Stance: Support
Reason: The abstract suggests that metformin can help reduce cancer incidence and death risk, and may be beneficial for breast cancer treatment.",support,0.7031,AGREEMENT,0.8,"Both claims support the potential benefits of metformin in reducing breast cancer incidence and progression, although they focus on different mechanisms and aspects.",3.0
relationship between breast cancer and metformin: a bibliometric review.,"Claim: Metformin has a potential role in managing the relationship between diabetes and breast cancer.
Stance: Support
Reason: The abstract suggests that metformin can help reduce cancer incidence and death risk, and may be beneficial for breast cancer treatment.",support,mtorc1 inhibition by metformin synergizes with dendrosomal nano-curcumin to induce apoptosis via modulation of pro- and anti-apoptotic proteins in breast cancer cells.,"Claim: Metformin combined with dendrosomal nano-curcumin induces apoptosis in breast cancer cells through modulation of pro- and anti-apoptotic proteins.
Stance: Support
Reason: The study shows increased anticancer toxicity, activation of caspases, and reduced expression of anti-apoptotic proteins.",support,0.6885,AGREEMENT,0.9,"Both claims suggest that metformin has a beneficial effect on breast cancer, although Claim B provides more specific mechanisms and outcomes.",6.25
metformin triggers apoptosis via endoplasmic reticulum stress in her2-positive breast cancer cell lines.,"Claim: Metformin triggers apoptosis via endoplasmic reticulum stress in HER2-positive breast cancer cell lines.
Stance: Support
Reason: The study shows that metformin dose-dependently inhibited cell proliferation and activated ER stress pathways, leading to increased apoptosis.",support,relationship between breast cancer and metformin: a bibliometric review.,"Claim: Metformin has a potential role in managing the relationship between diabetes and breast cancer.
Stance: Support
Reason: The abstract suggests that metformin can help reduce cancer incidence and death risk, and may be beneficial for breast cancer treatment.",support,0.6874,AGREEMENT,0.9,"Both claims support the idea that metformin has a beneficial effect on breast cancer, either by triggering apoptosis or having a potential role in managing the relationship between diabetes and breast cancer.",3.0
metformin triggers apoptosis via endoplasmic reticulum stress in her2-positive breast cancer cell lines.,"Claim: Metformin triggers apoptosis via endoplasmic reticulum stress in HER2-positive breast cancer cell lines.
Stance: Support
Reason: The study shows that metformin dose-dependently inhibited cell proliferation and activated ER stress pathways, leading to increased apoptosis.",support,wbp2 attenuates metformin response in her2-positive breast cancer cells by repressing ampk activation and inducing a lower amp:atp ratio state through enhanced atp production.,"Claim: WBP2 inhibits the response of HER2-positive breast cancer cells to metformin.
Stance: Contradict
Reason: Previous clinical trials suggested metformin's efficacy in HER2+ breast cancer, but this study found that WBP2 attenuates its effect.",contradict,0.7259,CONTRADICTION,0.9,"Claim A supports the effectiveness of metformin in HER2-positive breast cancer cell lines, while Claim B contradicts this by stating that WBP2 attenuates its effect",4.75
metformin enhances response to chemotherapy combined with immunotherapy in a triple negative breast cancer in vivo model.,"Claim: Metformin enhances response to chemotherapy combined with immunotherapy in a triple negative breast cancer model.
Stance: Support
Reason: The study found that adding metformin to the treatment regimen led to improved tumor-growth inhibition compared to chemotherapy and immunotherapy alone.",support,wbp2 attenuates metformin response in her2-positive breast cancer cells by repressing ampk activation and inducing a lower amp:atp ratio state through enhanced atp production.,"Claim: WBP2 inhibits the response of HER2-positive breast cancer cells to metformin.
Stance: Contradict
Reason: Previous clinical trials suggested metformin's efficacy in HER2+ breast cancer, but this study found that WBP2 attenuates its effect.",contradict,0.7151,CONTRADICTION,0.9,"Claim A suggests that metformin enhances chemotherapy and immunotherapy response, while Claim B indicates that WBP2 attenuates the metformin response in HER2-positive breast cancer cells.",4.75
survival and recurrence with glp-1 receptor agonists in breast cancer.,"Here are the extracted information:

Claim: GLP-1 receptor agonists are associated with lower risk of all-cause mortality and recurrence-free survival in breast cancer patients.
Stance: Support
Reason: The study found that GLP-1 RA use was linked to improved outcomes, including lower hazard ratios for all-cause mortality and recurrence-free survival.",support,weight loss patterns and clinical outcomes of glp1 receptor agonists in breast cancer survivors.,"Here are the extracted information:

Claim: GlP-1 receptor agonists (GLP-1 RA) are associated with modest weight loss and improved all-cause survival in breast cancer survivors.
Stance: Support
Reason: The study found that GLP-1 RA users had a significant difference in overall survival compared to nonusers, indicating improved outcomes.",support,0.8792,PARTIAL_AGREEMENT,0.8,"Both claims support the benefits of GLP-1 receptor agonists in breast cancer patients, but with slightly different outcomes measured (mortality and recurrence-free survival vs. weight loss and all-cause survival).",9.25
exploration of bmi and circulating metabolic factors as predictors of metformin benefit in cctg ma.32.,"Claim: BMI and circulating metabolic factors do not predict the benefit of metformin in breast cancer patients.
Stance: Neutral
Reason: The study found interactions between certain variables, but these interactions indicate potential adverse effects rather than benefits.

Claim: Metformin may have negative effects at lower levels of leptin, insulin, HOMA, and glucose in some breast cancer subtypes.
Stance: Support
Reason: The study identified significant interactions suggesting metformin's potential to worsen outcomes in certain subgroups.",neutral,relationship between breast cancer and metformin: a bibliometric review.,"Claim: Metformin has a potential role in managing the relationship between diabetes and breast cancer.
Stance: Support
Reason: The abstract suggests that metformin can help reduce cancer incidence and death risk, and may be beneficial for breast cancer treatment.",support,0.8365,PARTIAL_AGREEMENT,0.8,"Claim A suggests metformin may have negative effects in certain breast cancer subtypes, while Claim B implies it can help manage the relationship between diabetes and breast cancer, including reducing cancer incidence and death risk.",4.0
metformin enhances response to chemotherapy combined with immunotherapy in a triple negative breast cancer in vivo model.,"Claim: Metformin enhances response to chemotherapy combined with immunotherapy in a triple negative breast cancer model.
Stance: Support
Reason: The study found that adding metformin to the treatment regimen led to improved tumor-growth inhibition compared to chemotherapy and immunotherapy alone.",support,metformin-mediated glycaemic regulation as a potential strategy for breast cancer prevention.,"Claim: Metformin can prevent breast cancer by inducing anti-cancer molecular mechanisms.
Stance: Support
Reason: The abstract reports various pre-clinical studies that show metformin's efficacy in inhibiting breast cancer cell growth and inducing apoptosis and ferroptosis.",support,0.8076,PARTIAL_AGREEMENT,0.8,"Both claims support metformin's potential benefits in breast cancer treatment, but Claim A focuses on its synergistic effects with chemotherapy and immunotherapy, whereas Claim B highlights its preventive properties.",2.0
metformin-mediated glycaemic regulation as a potential strategy for breast cancer prevention.,"Claim: Metformin can prevent breast cancer by inducing anti-cancer molecular mechanisms.
Stance: Support
Reason: The abstract reports various pre-clinical studies that show metformin's efficacy in inhibiting breast cancer cell growth and inducing apoptosis and ferroptosis.",support,metformin and its derivatives in breast cancer: from glycaemic control to tumor-intrinsic pathways.,"Here are the extracted points:

1. Main claim: Metformin and its derivatives can suppress breast cancer cell proliferation by targeting glucose metabolism.
2. Stance: Support
3. Reason: Preclinical and epidemiological evidence indicate reduced BC incidence and improved survival with metformin use, particularly in certain subtypes.

Alternatively, if you'd like a more nuanced stance:

1. Main claim: Metformin and its derivatives can suppress breast cancer cell proliferation by targeting glucose metabolism.
2. Stance: Support
3. Reason: Preclinical evidence indicates that metformin activates tumor-intrinsic mechanisms to inhibit cancer growth and induce apoptosis.

However, considering the inconsistent results from large clinical trials:

1. Main claim: Metformin and its derivatives have potential in precision BC therapy due to their dual anticancer effects.
2. Stance: Neutral
3. Reason: While preclinical evidence suggests benefits, inconsistencies between preclinical efficacy and clinical outcomes highlight the need for further investigation.",nan,0.7917,PARTIAL_AGREEMENT,0.8,"Both claims support metformin's potential in breast cancer prevention, but Claim A emphasizes its anti-cancer molecular mechanisms, while Claim B focuses on glucose metabolism and tumor-intrinsic pathways.",4.75
relationship between breast cancer and metformin: a bibliometric review.,"Claim: Metformin has a potential role in managing the relationship between diabetes and breast cancer.
Stance: Support
Reason: The abstract suggests that metformin can help reduce cancer incidence and death risk, and may be beneficial for breast cancer treatment.",support,metformin and its derivatives in breast cancer: from glycaemic control to tumor-intrinsic pathways.,"Here are the extracted points:

1. Main claim: Metformin and its derivatives can suppress breast cancer cell proliferation by targeting glucose metabolism.
2. Stance: Support
3. Reason: Preclinical and epidemiological evidence indicate reduced BC incidence and improved survival with metformin use, particularly in certain subtypes.

Alternatively, if you'd like a more nuanced stance:

1. Main claim: Metformin and its derivatives can suppress breast cancer cell proliferation by targeting glucose metabolism.
2. Stance: Support
3. Reason: Preclinical evidence indicates that metformin activates tumor-intrinsic mechanisms to inhibit cancer growth and induce apoptosis.

However, considering the inconsistent results from large clinical trials:

1. Main claim: Metformin and its derivatives have potential in precision BC therapy due to their dual anticancer effects.
2. Stance: Neutral
3. Reason: While preclinical evidence suggests benefits, inconsistencies between preclinical efficacy and clinical outcomes highlight the need for further investigation.",nan,0.7679,PARTIAL_AGREEMENT,0.8,"Both claims support the potential benefits of metformin in managing breast cancer, but Claim A focuses on its role in reducing cancer incidence and death risk, while Claim B highlights its ability to suppress breast cancer cell proliferation by targeting glucose metabolism.",5.75
metformin drives hif-1alpha-mediated dual metabolic reprogramming to enhance gammadelta t cell therapy in triple-negative breast cancer.,"Claim: Metformin can enhance Gammadelta T cell therapy in triple-negative breast cancer.
Stance: Support
Reason: The study shows that metformin increases the efficacy of Gammadelta T cells against TNBC through various mechanisms, including improved metabolism and immune recognition.",support,metformin enhances response to chemotherapy combined with immunotherapy in a triple negative breast cancer in vivo model.,"Claim: Metformin enhances response to chemotherapy combined with immunotherapy in a triple negative breast cancer model.
Stance: Support
Reason: The study found that adding metformin to the treatment regimen led to improved tumor-growth inhibition compared to chemotherapy and immunotherapy alone.",support,0.7537,PARTIAL_AGREEMENT,0.8,"Claim A focuses on metformin's enhancement of Gammadelta T cell therapy, while Claim B explores its effect when combined with chemotherapy and immunotherapy",3.0
exploration of bmi and circulating metabolic factors as predictors of metformin benefit in cctg ma.32.,"Claim: BMI and circulating metabolic factors do not predict the benefit of metformin in breast cancer patients.
Stance: Neutral
Reason: The study found interactions between certain variables, but these interactions indicate potential adverse effects rather than benefits.

Claim: Metformin may have negative effects at lower levels of leptin, insulin, HOMA, and glucose in some breast cancer subtypes.
Stance: Support
Reason: The study identified significant interactions suggesting metformin's potential to worsen outcomes in certain subgroups.",neutral,metformin and its derivatives in breast cancer: from glycaemic control to tumor-intrinsic pathways.,"Here are the extracted points:

1. Main claim: Metformin and its derivatives can suppress breast cancer cell proliferation by targeting glucose metabolism.
2. Stance: Support
3. Reason: Preclinical and epidemiological evidence indicate reduced BC incidence and improved survival with metformin use, particularly in certain subtypes.

Alternatively, if you'd like a more nuanced stance:

1. Main claim: Metformin and its derivatives can suppress breast cancer cell proliferation by targeting glucose metabolism.
2. Stance: Support
3. Reason: Preclinical evidence indicates that metformin activates tumor-intrinsic mechanisms to inhibit cancer growth and induce apoptosis.

However, considering the inconsistent results from large clinical trials:

1. Main claim: Metformin and its derivatives have potential in precision BC therapy due to their dual anticancer effects.
2. Stance: Neutral
3. Reason: While preclinical evidence suggests benefits, inconsistencies between preclinical efficacy and clinical outcomes highlight the need for further investigation.",nan,0.7501,PARTIAL_AGREEMENT,0.8,"Claim A suggests metformin may have negative effects in certain breast cancer subtypes, while Claim B presents metformin as having potential benefits, indicating a partial agreement due to the conflicting results.",5.75
metformin enhances response to chemotherapy combined with immunotherapy in a triple negative breast cancer in vivo model.,"Claim: Metformin enhances response to chemotherapy combined with immunotherapy in a triple negative breast cancer model.
Stance: Support
Reason: The study found that adding metformin to the treatment regimen led to improved tumor-growth inhibition compared to chemotherapy and immunotherapy alone.",support,metformin impairs breast cancer growth through the inhibition of prmt6.,"Claim: Metformin impairs breast cancer growth through inhibition of Prmt6.
Stance: Support
Reason: The study directly shows that metformin inhibits Prmt6 activity and leads to reduced tumor growth.",support,0.749,PARTIAL_AGREEMENT,0.8,"Both claims support metformin's effectiveness in inhibiting breast cancer growth, but they focus on different mechanisms and outcomes.",3.0
exploration of bmi and circulating metabolic factors as predictors of metformin benefit in cctg ma.32.,"Claim: BMI and circulating metabolic factors do not predict the benefit of metformin in breast cancer patients.
Stance: Neutral
Reason: The study found interactions between certain variables, but these interactions indicate potential adverse effects rather than benefits.

Claim: Metformin may have negative effects at lower levels of leptin, insulin, HOMA, and glucose in some breast cancer subtypes.
Stance: Support
Reason: The study identified significant interactions suggesting metformin's potential to worsen outcomes in certain subgroups.",neutral,metformin-mediated glycaemic regulation as a potential strategy for breast cancer prevention.,"Claim: Metformin can prevent breast cancer by inducing anti-cancer molecular mechanisms.
Stance: Support
Reason: The abstract reports various pre-clinical studies that show metformin's efficacy in inhibiting breast cancer cell growth and inducing apoptosis and ferroptosis.",support,0.7457,PARTIAL_AGREEMENT,0.8,"Claim A suggests metformin may have negative effects in certain subgroups, while Claim B supports metformin's potential to prevent breast cancer by inducing anti-cancer mechanisms.",3.0
metformin as an immunometabolic modulator in breast cancer: integrating nk and nkt cell responses.,"Here is the extracted information:

1. Main claim: Metformin has anticancer potential as an immunometabolic modulator.
2. Stance: Support
3. Reason: The abstract presents accumulating evidence of metformin's effects on suppressing tumor growth and enhancing innate immune responses.",nan,metformin-mediated glycaemic regulation as a potential strategy for breast cancer prevention.,"Claim: Metformin can prevent breast cancer by inducing anti-cancer molecular mechanisms.
Stance: Support
Reason: The abstract reports various pre-clinical studies that show metformin's efficacy in inhibiting breast cancer cell growth and inducing apoptosis and ferroptosis.",support,0.7425,PARTIAL_AGREEMENT,0.8,"Both claims support metformin's anticancer potential, but Claim A emphasizes its immunometabolic modulator effects and innate immune responses, while Claim B focuses on its glycaemic regulation and anti-cancer molecular mechanisms.",3.0
wbp2 attenuates metformin response in her2-positive breast cancer cells by repressing ampk activation and inducing a lower amp:atp ratio state through enhanced atp production.,"Claim: WBP2 inhibits the response of HER2-positive breast cancer cells to metformin.
Stance: Contradict
Reason: Previous clinical trials suggested metformin's efficacy in HER2+ breast cancer, but this study found that WBP2 attenuates its effect.",contradict,metformin-mediated glycaemic regulation as a potential strategy for breast cancer prevention.,"Claim: Metformin can prevent breast cancer by inducing anti-cancer molecular mechanisms.
Stance: Support
Reason: The abstract reports various pre-clinical studies that show metformin's efficacy in inhibiting breast cancer cell growth and inducing apoptosis and ferroptosis.",support,0.7388,PARTIAL_AGREEMENT,0.8,"Claim A suggests that WBP2 attenuates metformin's effect on HER2-positive breast cancer cells, while Claim B supports the potential of metformin to prevent breast cancer, but does not directly address the impact of WBP2.",4.75
metformin triggers apoptosis via endoplasmic reticulum stress in her2-positive breast cancer cell lines.,"Claim: Metformin triggers apoptosis via endoplasmic reticulum stress in HER2-positive breast cancer cell lines.
Stance: Support
Reason: The study shows that metformin dose-dependently inhibited cell proliferation and activated ER stress pathways, leading to increased apoptosis.",support,metformin-mediated glycaemic regulation as a potential strategy for breast cancer prevention.,"Claim: Metformin can prevent breast cancer by inducing anti-cancer molecular mechanisms.
Stance: Support
Reason: The abstract reports various pre-clinical studies that show metformin's efficacy in inhibiting breast cancer cell growth and inducing apoptosis and ferroptosis.",support,0.7374,PARTIAL_AGREEMENT,0.8,"Both claims agree that metformin has anti-cancer properties, but Claim A specifically focuses on its effect via endoplasmic reticulum stress in HER2-positive breast cancer cell lines, whereas Claim B mentions various molecular mechanisms and types of cancers.",2.0
relationship between breast cancer and metformin: a bibliometric review.,"Claim: Metformin has a potential role in managing the relationship between diabetes and breast cancer.
Stance: Support
Reason: The abstract suggests that metformin can help reduce cancer incidence and death risk, and may be beneficial for breast cancer treatment.",support,metformin enhances alpelisib sensitivity in her2+ breast cancer by suppressing cancer stemness and oncogenic signaling.,"Claim: Metformin enhances the sensitivity of alpelisib in HER2+ breast cancer.
Stance: Support
Reason: Combination treatment with metformin showed strong synergism and inhibited oncogenic signaling pathways.

Claim: Alpelisib monotherapy has antitumor efficacy against HER2+ breast cancer cells.
Stance: Neutral (neutral because it is a statement of fact, not an opinion or argument)
Reason: Results show that alpelisib inhibited proliferation, colony formation, and cancer stem cell features in both cell lines.

Claim: Metformin can counteract Alpelisib-induced hyperglycemia.
Stance: Support
Reason: Metformin may mitigate the metabolic adverse event of hyperglycemia associated with alpelisib treatment.",support,0.7349,PARTIAL_AGREEMENT,0.8,"Claim A and Claim B both support the potential benefits of metformin in breast cancer treatment, but they address different aspects: reducing cancer incidence and death risk (A), enhancing sensitivity to alpelisib (B)",3.0
metformin potentiates dsf/cu-loaded pluronic nanoparticles to improve therapeutic efficacy in triple-negative breast cancer.,"Claim: Metformin potentiates the antitumor effects of dsf/cu-loaded pluronic nanoparticles against triple-negative breast cancer.
Stance: Support
Reason: The study shows that metformin increases the anticancer efficacy of dsf/cu-loaded nanoparticles in TNBC cells.",support,mtorc1 inhibition by metformin synergizes with dendrosomal nano-curcumin to induce apoptosis via modulation of pro- and anti-apoptotic proteins in breast cancer cells.,"Claim: Metformin combined with dendrosomal nano-curcumin induces apoptosis in breast cancer cells through modulation of pro- and anti-apoptotic proteins.
Stance: Support
Reason: The study shows increased anticancer toxicity, activation of caspases, and reduced expression of anti-apoptotic proteins.",support,0.7337,PARTIAL_AGREEMENT,0.8,"Both claims support the antitumor effects of metformin, but in different combinations with other treatments and mechanisms.",5.25
exploration of bmi and circulating metabolic factors as predictors of metformin benefit in cctg ma.32.,"Claim: BMI and circulating metabolic factors do not predict the benefit of metformin in breast cancer patients.
Stance: Neutral
Reason: The study found interactions between certain variables, but these interactions indicate potential adverse effects rather than benefits.

Claim: Metformin may have negative effects at lower levels of leptin, insulin, HOMA, and glucose in some breast cancer subtypes.
Stance: Support
Reason: The study identified significant interactions suggesting metformin's potential to worsen outcomes in certain subgroups.",neutral,metformin enhances response to chemotherapy combined with immunotherapy in a triple negative breast cancer in vivo model.,"Claim: Metformin enhances response to chemotherapy combined with immunotherapy in a triple negative breast cancer model.
Stance: Support
Reason: The study found that adding metformin to the treatment regimen led to improved tumor-growth inhibition compared to chemotherapy and immunotherapy alone.",support,0.7332,PARTIAL_AGREEMENT,0.8,"Claim A suggests metformin may have negative effects in certain breast cancer subtypes, while Claim B indicates metformin can enhance response to chemotherapy combined with immunotherapy in triple negative breast cancer models, highlighting differing outcomes based on specific conditions.",3.0
"studying synergistic anticancer effects of repurposed at(1)b losartan with antidiabetics metformin, rosiglitazone in triple-negative breast cancer cells.","Claim: Losartan combined with metformin shows a synergistic effect in inhibiting triple-negative breast cancer cells.
Stance: Support
Reason: The study reports a 1.6-fold increase in potency when losartan and metformin are combined.

Claim: Combination of losartan and rosiglitazone also exhibits synergy, but with limitations at lower doses.
Stance: Support
Reason: The study finds right-shifted dose-response curves and increased maximal responses when losartan is combined with rosiglitazone at higher concentrations.",support,metformin enhances response to chemotherapy combined with immunotherapy in a triple negative breast cancer in vivo model.,"Claim: Metformin enhances response to chemotherapy combined with immunotherapy in a triple negative breast cancer model.
Stance: Support
Reason: The study found that adding metformin to the treatment regimen led to improved tumor-growth inhibition compared to chemotherapy and immunotherapy alone.",support,0.7319,PARTIAL_AGREEMENT,0.8,"Claims A and B both support the use of metformin in treating triple-negative breast cancer, but Claim A focuses on its synergistic effects when combined with losartan or rosiglitazone, while Claim B highlights its enhanced effect when combined with chemotherapy and immunotherapy.",3.0
metformin and its derivatives in breast cancer: from glycaemic control to tumor-intrinsic pathways.,"Here are the extracted points:

1. Main claim: Metformin and its derivatives can suppress breast cancer cell proliferation by targeting glucose metabolism.
2. Stance: Support
3. Reason: Preclinical and epidemiological evidence indicate reduced BC incidence and improved survival with metformin use, particularly in certain subtypes.

Alternatively, if you'd like a more nuanced stance:

1. Main claim: Metformin and its derivatives can suppress breast cancer cell proliferation by targeting glucose metabolism.
2. Stance: Support
3. Reason: Preclinical evidence indicates that metformin activates tumor-intrinsic mechanisms to inhibit cancer growth and induce apoptosis.

However, considering the inconsistent results from large clinical trials:

1. Main claim: Metformin and its derivatives have potential in precision BC therapy due to their dual anticancer effects.
2. Stance: Neutral
3. Reason: While preclinical evidence suggests benefits, inconsistencies between preclinical efficacy and clinical outcomes highlight the need for further investigation.",nan,metformin enhances alpelisib sensitivity in her2+ breast cancer by suppressing cancer stemness and oncogenic signaling.,"Claim: Metformin enhances the sensitivity of alpelisib in HER2+ breast cancer.
Stance: Support
Reason: Combination treatment with metformin showed strong synergism and inhibited oncogenic signaling pathways.

Claim: Alpelisib monotherapy has antitumor efficacy against HER2+ breast cancer cells.
Stance: Neutral (neutral because it is a statement of fact, not an opinion or argument)
Reason: Results show that alpelisib inhibited proliferation, colony formation, and cancer stem cell features in both cell lines.

Claim: Metformin can counteract Alpelisib-induced hyperglycemia.
Stance: Support
Reason: Metformin may mitigate the metabolic adverse event of hyperglycemia associated with alpelisib treatment.",support,0.7216,PARTIAL_AGREEMENT,0.8,"Claim A suggests metformin's anticancer effects are due to glucose metabolism targeting, while Claim B highlights its synergistic effect with alpelisib through oncogenic signaling inhibition.",4.75
wbp2 attenuates metformin response in her2-positive breast cancer cells by repressing ampk activation and inducing a lower amp:atp ratio state through enhanced atp production.,"Claim: WBP2 inhibits the response of HER2-positive breast cancer cells to metformin.
Stance: Contradict
Reason: Previous clinical trials suggested metformin's efficacy in HER2+ breast cancer, but this study found that WBP2 attenuates its effect.",contradict,metformin enhances alpelisib sensitivity in her2+ breast cancer by suppressing cancer stemness and oncogenic signaling.,"Claim: Metformin enhances the sensitivity of alpelisib in HER2+ breast cancer.
Stance: Support
Reason: Combination treatment with metformin showed strong synergism and inhibited oncogenic signaling pathways.

Claim: Alpelisib monotherapy has antitumor efficacy against HER2+ breast cancer cells.
Stance: Neutral (neutral because it is a statement of fact, not an opinion or argument)
Reason: Results show that alpelisib inhibited proliferation, colony formation, and cancer stem cell features in both cell lines.

Claim: Metformin can counteract Alpelisib-induced hyperglycemia.
Stance: Support
Reason: Metformin may mitigate the metabolic adverse event of hyperglycemia associated with alpelisib treatment.",support,0.7203,PARTIAL_AGREEMENT,0.8,"Claim A and Claim B support each other in that metformin is effective against HER2+ breast cancer, but have a notable difference in how WBP2 affects this efficacy.",4.75
relationship between breast cancer and metformin: a bibliometric review.,"Claim: Metformin has a potential role in managing the relationship between diabetes and breast cancer.
Stance: Support
Reason: The abstract suggests that metformin can help reduce cancer incidence and death risk, and may be beneficial for breast cancer treatment.",support,metformin impairs breast cancer growth through the inhibition of prmt6.,"Claim: Metformin impairs breast cancer growth through inhibition of Prmt6.
Stance: Support
Reason: The study directly shows that metformin inhibits Prmt6 activity and leads to reduced tumor growth.",support,0.72,PARTIAL_AGREEMENT,0.8,"Both claims support the potential benefits of metformin in breast cancer treatment, but Claim B provides a more specific mechanism through which metformin exerts its effects.",4.0
metformin and its derivatives in breast cancer: from glycaemic control to tumor-intrinsic pathways.,"Here are the extracted points:

1. Main claim: Metformin and its derivatives can suppress breast cancer cell proliferation by targeting glucose metabolism.
2. Stance: Support
3. Reason: Preclinical and epidemiological evidence indicate reduced BC incidence and improved survival with metformin use, particularly in certain subtypes.

Alternatively, if you'd like a more nuanced stance:

1. Main claim: Metformin and its derivatives can suppress breast cancer cell proliferation by targeting glucose metabolism.
2. Stance: Support
3. Reason: Preclinical evidence indicates that metformin activates tumor-intrinsic mechanisms to inhibit cancer growth and induce apoptosis.

However, considering the inconsistent results from large clinical trials:

1. Main claim: Metformin and its derivatives have potential in precision BC therapy due to their dual anticancer effects.
2. Stance: Neutral
3. Reason: While preclinical evidence suggests benefits, inconsistencies between preclinical efficacy and clinical outcomes highlight the need for further investigation.",nan,metformin impairs breast cancer growth through the inhibition of prmt6.,"Claim: Metformin impairs breast cancer growth through inhibition of Prmt6.
Stance: Support
Reason: The study directly shows that metformin inhibits Prmt6 activity and leads to reduced tumor growth.",support,0.7191,PARTIAL_AGREEMENT,0.8,"Claim A and Claim B agree that metformin has anticancer effects, but they emphasize different mechanisms of action.",5.75
metformin triggers apoptosis via endoplasmic reticulum stress in her2-positive breast cancer cell lines.,"Claim: Metformin triggers apoptosis via endoplasmic reticulum stress in HER2-positive breast cancer cell lines.
Stance: Support
Reason: The study shows that metformin dose-dependently inhibited cell proliferation and activated ER stress pathways, leading to increased apoptosis.",support,mtorc1 inhibition by metformin synergizes with dendrosomal nano-curcumin to induce apoptosis via modulation of pro- and anti-apoptotic proteins in breast cancer cells.,"Claim: Metformin combined with dendrosomal nano-curcumin induces apoptosis in breast cancer cells through modulation of pro- and anti-apoptotic proteins.
Stance: Support
Reason: The study shows increased anticancer toxicity, activation of caspases, and reduced expression of anti-apoptotic proteins.",support,0.7142,PARTIAL_AGREEMENT,0.8,"Both claims agree that metformin triggers apoptosis in breast cancer cells, but differ in the specific mechanism and combination used (ER stress vs mTORC1 inhibition and curcumin)",5.25
exploration of bmi and circulating metabolic factors as predictors of metformin benefit in cctg ma.32.,"Claim: BMI and circulating metabolic factors do not predict the benefit of metformin in breast cancer patients.
Stance: Neutral
Reason: The study found interactions between certain variables, but these interactions indicate potential adverse effects rather than benefits.

Claim: Metformin may have negative effects at lower levels of leptin, insulin, HOMA, and glucose in some breast cancer subtypes.
Stance: Support
Reason: The study identified significant interactions suggesting metformin's potential to worsen outcomes in certain subgroups.",neutral,wbp2 attenuates metformin response in her2-positive breast cancer cells by repressing ampk activation and inducing a lower amp:atp ratio state through enhanced atp production.,"Claim: WBP2 inhibits the response of HER2-positive breast cancer cells to metformin.
Stance: Contradict
Reason: Previous clinical trials suggested metformin's efficacy in HER2+ breast cancer, but this study found that WBP2 attenuates its effect.",contradict,0.7123,PARTIAL_AGREEMENT,0.8,"Claim A suggests metformin may have negative effects, while Claim B provides a specific mechanism of how WBP2 inhibits its effect in HER2-positive breast cancer cells.",5.75
metformin enhances response to chemotherapy combined with immunotherapy in a triple negative breast cancer in vivo model.,"Claim: Metformin enhances response to chemotherapy combined with immunotherapy in a triple negative breast cancer model.
Stance: Support
Reason: The study found that adding metformin to the treatment regimen led to improved tumor-growth inhibition compared to chemotherapy and immunotherapy alone.",support,metformin and its derivatives in breast cancer: from glycaemic control to tumor-intrinsic pathways.,"Here are the extracted points:

1. Main claim: Metformin and its derivatives can suppress breast cancer cell proliferation by targeting glucose metabolism.
2. Stance: Support
3. Reason: Preclinical and epidemiological evidence indicate reduced BC incidence and improved survival with metformin use, particularly in certain subtypes.

Alternatively, if you'd like a more nuanced stance:

1. Main claim: Metformin and its derivatives can suppress breast cancer cell proliferation by targeting glucose metabolism.
2. Stance: Support
3. Reason: Preclinical evidence indicates that metformin activates tumor-intrinsic mechanisms to inhibit cancer growth and induce apoptosis.

However, considering the inconsistent results from large clinical trials:

1. Main claim: Metformin and its derivatives have potential in precision BC therapy due to their dual anticancer effects.
2. Stance: Neutral
3. Reason: While preclinical evidence suggests benefits, inconsistencies between preclinical efficacy and clinical outcomes highlight the need for further investigation.",nan,0.7117,PARTIAL_AGREEMENT,0.8,"Claim A and Claim B agree that metformin has potential benefits in breast cancer treatment, but they differ in their emphasis on the mechanisms and effects of metformin",4.75
exploration of bmi and circulating metabolic factors as predictors of metformin benefit in cctg ma.32.,"Claim: BMI and circulating metabolic factors do not predict the benefit of metformin in breast cancer patients.
Stance: Neutral
Reason: The study found interactions between certain variables, but these interactions indicate potential adverse effects rather than benefits.

Claim: Metformin may have negative effects at lower levels of leptin, insulin, HOMA, and glucose in some breast cancer subtypes.
Stance: Support
Reason: The study identified significant interactions suggesting metformin's potential to worsen outcomes in certain subgroups.",neutral,metformin impairs breast cancer growth through the inhibition of prmt6.,"Claim: Metformin impairs breast cancer growth through inhibition of Prmt6.
Stance: Support
Reason: The study directly shows that metformin inhibits Prmt6 activity and leads to reduced tumor growth.",support,0.706,PARTIAL_AGREEMENT,0.8,"Claim A suggests metformin may have negative effects in certain subtypes, while Claim B supports the potential benefits of metformin in impairing breast cancer growth through inhibition of Prmt6",4.0
metformin enhances response to chemotherapy combined with immunotherapy in a triple negative breast cancer in vivo model.,"Claim: Metformin enhances response to chemotherapy combined with immunotherapy in a triple negative breast cancer model.
Stance: Support
Reason: The study found that adding metformin to the treatment regimen led to improved tumor-growth inhibition compared to chemotherapy and immunotherapy alone.",support,metformin as an immunometabolic modulator in breast cancer: integrating nk and nkt cell responses.,"Here is the extracted information:

1. Main claim: Metformin has anticancer potential as an immunometabolic modulator.
2. Stance: Support
3. Reason: The abstract presents accumulating evidence of metformin's effects on suppressing tumor growth and enhancing innate immune responses.",nan,0.705,PARTIAL_AGREEMENT,0.8,"Claim A provides more specific and direct evidence that metformin enhances response to chemotherapy in a triple negative breast cancer model, while Claim B presents broader evidence of metformin's anticancer potential as an immunometabolic modulator.",3.0
wbp2 attenuates metformin response in her2-positive breast cancer cells by repressing ampk activation and inducing a lower amp:atp ratio state through enhanced atp production.,"Claim: WBP2 inhibits the response of HER2-positive breast cancer cells to metformin.
Stance: Contradict
Reason: Previous clinical trials suggested metformin's efficacy in HER2+ breast cancer, but this study found that WBP2 attenuates its effect.",contradict,metformin impairs breast cancer growth through the inhibition of prmt6.,"Claim: Metformin impairs breast cancer growth through inhibition of Prmt6.
Stance: Support
Reason: The study directly shows that metformin inhibits Prmt6 activity and leads to reduced tumor growth.",support,0.7006,PARTIAL_AGREEMENT,0.8,"Claim A and Claim B both mention metformin's effect on breast cancer, but they describe different mechanisms and outcomes",5.75
a novel combination for in vivo breast cancer treatment: tak1 inhibition combined with metformin and lentinula edodes compounds synergistically reinvigorates cd8(+) t cells.,"Claim: The combination of Tak1 inhibition, metformin, and Lentinula edodes compounds can inhibit breast cancer progression.

Stance: Support
Reason: The study shows that this combination significantly decreases tumor volume/weight and increases CD8(+) T cell population in mouse tumor tissue.",support,metformin-mediated glycaemic regulation as a potential strategy for breast cancer prevention.,"Claim: Metformin can prevent breast cancer by inducing anti-cancer molecular mechanisms.
Stance: Support
Reason: The abstract reports various pre-clinical studies that show metformin's efficacy in inhibiting breast cancer cell growth and inducing apoptosis and ferroptosis.",support,0.6992,PARTIAL_AGREEMENT,0.8,"Claim A supports a combination therapy including metformin, while Claim B focuses on metformin alone for breast cancer prevention",2.0
metformin enhances response to chemotherapy combined with immunotherapy in a triple negative breast cancer in vivo model.,"Claim: Metformin enhances response to chemotherapy combined with immunotherapy in a triple negative breast cancer model.
Stance: Support
Reason: The study found that adding metformin to the treatment regimen led to improved tumor-growth inhibition compared to chemotherapy and immunotherapy alone.",support,metformin with neoadjuvant chemotherapy in localized triple-negative and her2neu-positive breast cancer: a prospective phase 2 open-label randomized controlled trial (mcbeth).,"Claim: Metformin does not significantly improve pathological complete response rates when added to neoadjuvant chemotherapy.
Stance: Neutral
Reason: The study found a non-significant difference (p = .75) between the metformin group and control group in terms of overall pcr rates.

Claim: Trends suggest that metformin may be beneficial for HER2-positive patients.
Stance: Support
Reason: In the HER2-positive subgroup, pcr was higher with metformin (46.3% vs. 36.5%, p = .27), although this difference was not statistically significant.

Claim: Metformin is well-tolerated and may reduce peripheral neuropathy in breast cancer patients.
Stance: Support
Reason: Fewer patients experienced peripheral neuropathy in the metformin group (37.2% vs. 45.5%), but more patients experienced diarrhea.",neutral,0.698,PARTIAL_AGREEMENT,0.8,"Claim A and Claim B have a partial agreement because they report differing effects of metformin on chemotherapy response in different patient subgroups, but both agree that metformin may be beneficial for certain patients.",5.75
exploration of bmi and circulating metabolic factors as predictors of metformin benefit in cctg ma.32.,"Claim: BMI and circulating metabolic factors do not predict the benefit of metformin in breast cancer patients.
Stance: Neutral
Reason: The study found interactions between certain variables, but these interactions indicate potential adverse effects rather than benefits.

Claim: Metformin may have negative effects at lower levels of leptin, insulin, HOMA, and glucose in some breast cancer subtypes.
Stance: Support
Reason: The study identified significant interactions suggesting metformin's potential to worsen outcomes in certain subgroups.",neutral,metformin reduces senescence induced by obesity-related inflammation in luminal breast cancer through estrogen receptor beta modulation.,"Here are the extracted information in the requested format:

Claim: Metformin reduces senescence induced by obesity-related inflammation in luminal breast cancer through estrogen receptor beta modulation.
Stance: Support
Reason: Experimental results show metformin's beneficial effects on reducing senescence markers and mitigating obesity-induced tumor progression.",support,0.6949,PARTIAL_AGREEMENT,0.7,"Claim A suggests metformin may have negative effects in some breast cancer subtypes, while Claim B supports the beneficial effects of metformin on reducing senescence markers and tumor progression in another subtype.",3.0
metformin enhances response to chemotherapy combined with immunotherapy in a triple negative breast cancer in vivo model.,"Claim: Metformin enhances response to chemotherapy combined with immunotherapy in a triple negative breast cancer model.
Stance: Support
Reason: The study found that adding metformin to the treatment regimen led to improved tumor-growth inhibition compared to chemotherapy and immunotherapy alone.",support,metformin-loaded fusogenic liposome improves the therapeutic efficacy and safety of doxorubicin in a breast cancer treatment.,"Here is the extracted information:

Claim: Metformin-loaded fusogenic liposome improves the therapeutic efficacy and safety of doxorubicin in a breast cancer treatment.
Stance: Support
Reason: The study found that co-administration of metformin-loaded liposomes with doxorubicin resulted in significant tumor volume decrease, improved metastasis reduction, and reduced cardiac alterations compared to free dox treatment.",support,0.6944,PARTIAL_AGREEMENT,0.8,"Both claims support the idea that metformin improves treatment outcomes in breast cancer, but with different treatment regimens and mechanisms of action.",2.0
relationship between breast cancer and metformin: a bibliometric review.,"Claim: Metformin has a potential role in managing the relationship between diabetes and breast cancer.
Stance: Support
Reason: The abstract suggests that metformin can help reduce cancer incidence and death risk, and may be beneficial for breast cancer treatment.",support,wbp2 attenuates metformin response in her2-positive breast cancer cells by repressing ampk activation and inducing a lower amp:atp ratio state through enhanced atp production.,"Claim: WBP2 inhibits the response of HER2-positive breast cancer cells to metformin.
Stance: Contradict
Reason: Previous clinical trials suggested metformin's efficacy in HER2+ breast cancer, but this study found that WBP2 attenuates its effect.",contradict,0.6941,PARTIAL_AGREEMENT,0.8,"Claim A suggests metformin has a beneficial role in managing diabetes-related breast cancer, while Claim B contradicts this by indicating WBP2 inhibits metformin's effect on HER2-positive breast cancer cells.",5.75
impact of type 2 diabetes on malignancies of the female reproductive system.,"Here are the extracted points:

1. Main claim: Type 2 diabetes mellitus (T2DM) contributes significantly to the development and progression of cancers of the female reproductive tissues.
Stance: Support
Reason: The abstract provides evidence from epidemiological studies and mechanistic insights to support this claim.

2. Main claim: Metformin has shown robust benefits in reducing T2DM-related complications and potential in the antineoplastic setting.
Stance: Neutral
Reason: This statement is a neutral observation of an existing research finding, not a conclusion or claim made by the authors.

3. Main claim: Diabetic women often face underdiagnosis due to suboptimal screening practices, highlighting the need for tailored cancer prevention and treatment strategies.
Stance: Support
Reason: The abstract presents evidence from epidemiological studies and mechanistic insights to support this claim.

4. Main claim: T2DM increases the risk and worsens outcomes in breast cancer via enhanced expression, age-rage interactions, and estrogen-independent ERα activation.
Stance: Support
Reason: The abstract provides evidence from mechanistic insights to support this claim.

5. Main claim: Early screening and individualized management are urgently needed for diabetic women due to their increased risk of developing cancers of the female reproductive system.
Stance: Support
Reason: The abstract presents a conclusion based on the previous claims, advocating for integrated clinical protocols that include early screening and individualized management in diabetic women.",support,metformin and its derivatives in breast cancer: from glycaemic control to tumor-intrinsic pathways.,"Here are the extracted points:

1. Main claim: Metformin and its derivatives can suppress breast cancer cell proliferation by targeting glucose metabolism.
2. Stance: Support
3. Reason: Preclinical and epidemiological evidence indicate reduced BC incidence and improved survival with metformin use, particularly in certain subtypes.

Alternatively, if you'd like a more nuanced stance:

1. Main claim: Metformin and its derivatives can suppress breast cancer cell proliferation by targeting glucose metabolism.
2. Stance: Support
3. Reason: Preclinical evidence indicates that metformin activates tumor-intrinsic mechanisms to inhibit cancer growth and induce apoptosis.

However, considering the inconsistent results from large clinical trials:

1. Main claim: Metformin and its derivatives have potential in precision BC therapy due to their dual anticancer effects.
2. Stance: Neutral
3. Reason: While preclinical evidence suggests benefits, inconsistencies between preclinical efficacy and clinical outcomes highlight the need for further investigation.",nan,0.6937,PARTIAL_AGREEMENT,0.8,"Claim A and Claim B generally agree that metformin has potential in reducing cancer risk, but they differ in their scope (T2DM-related complications vs breast cancer specifically) and the level of evidence supporting its benefits.",5.75
metformin drives hif-1alpha-mediated dual metabolic reprogramming to enhance gammadelta t cell therapy in triple-negative breast cancer.,"Claim: Metformin can enhance Gammadelta T cell therapy in triple-negative breast cancer.
Stance: Support
Reason: The study shows that metformin increases the efficacy of Gammadelta T cells against TNBC through various mechanisms, including improved metabolism and immune recognition.",support,metformin-mediated glycaemic regulation as a potential strategy for breast cancer prevention.,"Claim: Metformin can prevent breast cancer by inducing anti-cancer molecular mechanisms.
Stance: Support
Reason: The abstract reports various pre-clinical studies that show metformin's efficacy in inhibiting breast cancer cell growth and inducing apoptosis and ferroptosis.",support,0.6905,PARTIAL_AGREEMENT,0.8,"Claim A focuses on metformin's ability to enhance Gammadelta T cell therapy in TNBC, while Claim B emphasizes metformin's potential as a preventative measure for breast cancer through anti-cancer mechanisms.",3.0
exploration of bmi and circulating metabolic factors as predictors of metformin benefit in cctg ma.32.,"Claim: BMI and circulating metabolic factors do not predict the benefit of metformin in breast cancer patients.
Stance: Neutral
Reason: The study found interactions between certain variables, but these interactions indicate potential adverse effects rather than benefits.

Claim: Metformin may have negative effects at lower levels of leptin, insulin, HOMA, and glucose in some breast cancer subtypes.
Stance: Support
Reason: The study identified significant interactions suggesting metformin's potential to worsen outcomes in certain subgroups.",neutral,metformin with neoadjuvant chemotherapy in localized triple-negative and her2neu-positive breast cancer: a prospective phase 2 open-label randomized controlled trial (mcbeth).,"Claim: Metformin does not significantly improve pathological complete response rates when added to neoadjuvant chemotherapy.
Stance: Neutral
Reason: The study found a non-significant difference (p = .75) between the metformin group and control group in terms of overall pcr rates.

Claim: Trends suggest that metformin may be beneficial for HER2-positive patients.
Stance: Support
Reason: In the HER2-positive subgroup, pcr was higher with metformin (46.3% vs. 36.5%, p = .27), although this difference was not statistically significant.

Claim: Metformin is well-tolerated and may reduce peripheral neuropathy in breast cancer patients.
Stance: Support
Reason: Fewer patients experienced peripheral neuropathy in the metformin group (37.2% vs. 45.5%), but more patients experienced diarrhea.",neutral,0.6884,PARTIAL_AGREEMENT,0.8,"Claim A and Claim B both indicate that metformin may not have a significant benefit in breast cancer patients, but they differ in specific subgroups and outcomes.",6.75
metformin triggers apoptosis via endoplasmic reticulum stress in her2-positive breast cancer cell lines.,"Claim: Metformin triggers apoptosis via endoplasmic reticulum stress in HER2-positive breast cancer cell lines.
Stance: Support
Reason: The study shows that metformin dose-dependently inhibited cell proliferation and activated ER stress pathways, leading to increased apoptosis.",support,metformin impairs breast cancer growth through the inhibition of prmt6.,"Claim: Metformin impairs breast cancer growth through inhibition of Prmt6.
Stance: Support
Reason: The study directly shows that metformin inhibits Prmt6 activity and leads to reduced tumor growth.",support,0.6847,PARTIAL_AGREEMENT,0.8,"Both claims support metformin's anti-breast cancer properties, but they propose different underlying mechanisms (ER stress vs inhibition of Prmt6)",3.0
relationship between breast cancer and metformin: a bibliometric review.,"Claim: Metformin has a potential role in managing the relationship between diabetes and breast cancer.
Stance: Support
Reason: The abstract suggests that metformin can help reduce cancer incidence and death risk, and may be beneficial for breast cancer treatment.",support,metformin with neoadjuvant chemotherapy in localized triple-negative and her2neu-positive breast cancer: a prospective phase 2 open-label randomized controlled trial (mcbeth).,"Claim: Metformin does not significantly improve pathological complete response rates when added to neoadjuvant chemotherapy.
Stance: Neutral
Reason: The study found a non-significant difference (p = .75) between the metformin group and control group in terms of overall pcr rates.

Claim: Trends suggest that metformin may be beneficial for HER2-positive patients.
Stance: Support
Reason: In the HER2-positive subgroup, pcr was higher with metformin (46.3% vs. 36.5%, p = .27), although this difference was not statistically significant.

Claim: Metformin is well-tolerated and may reduce peripheral neuropathy in breast cancer patients.
Stance: Support
Reason: Fewer patients experienced peripheral neuropathy in the metformin group (37.2% vs. 45.5%), but more patients experienced diarrhea.",neutral,0.6836,PARTIAL_AGREEMENT,0.8,"Claim A supports the potential benefits of metformin in breast cancer treatment, while Claim B is neutral and does not confirm these benefits for all patients, but has a notable partial agreement on the trend that metformin may be beneficial for HER2-positive patients.",6.75
